Segment,Avg_Cashflow,Avg_Partner_Risk,Avg_Payment_Speed,Avg_Max_DPD,Default_Rate,Count
0,3.014813913199174,0.11136355978315782,9.99335602955856,22.192895415757096,86.08850962492558,10078
2,2.9346662162679404,0.39321505015951436,9.986710182469448,14.618654311039485,61.583400483481064,4964
1,3.0283673999108127,0.11066958416858745,10.056135195566812,6.815512978986403,35.784919653893695,9708
