Segment,Default_Rate,Customer_Volume
1,6.661719844999587,12129
0,5.29347656858166,12846
2,4.0,25
