Feature,Coefficient
Max_Days_in_Arrears_TRAD,1.937731043252734
Max_Utilization_TRAD,1.2284479196135294
Avg_Payment_Speed_Days,0.024165439974407506
Cashflow_Volatility_Ratio,0.016682400707650785
Days_Active_Platform,0.001564848871413628
Unique_Loan_Count_TRAD,0.0013336144911463182
Partner_Risk_Score,-0.03273955022384625
