Segment,Avg_Cashflow,Avg_Partner_Risk,Avg_Payment_Speed,Avg_Max_DPD,Default_Rate,Count
0,3.014813913199174,0.11136355978315782,9.99335602955856,22.192895415757096,0.8608850962492558,10078
2,2.9346662162679404,0.39321505015951436,9.986710182469448,14.618654311039485,0.6158340048348107,4964
1,3.0283673999108127,0.11066958416858745,10.056135195566812,6.815512978986403,0.357849196538937,9708
