Segment,Avg_Vol_Cashflow,Avg_Partner_Risk,Avg_Payment_Speed,Avg_Max_DPD,Actual_Default_Rate,Customer_Count
1,1.4469776733431101,0.5807763644615064,18.12283887846122,0.0004946821667078902,0.06661719844999588,12129
0,1.1187698070591816,0.809721049730523,17.958770348019865,0.00023353573096683791,0.0529347656858166,12846
2,1.1914468067409154,0.6830046042245067,17.833436541271166,4.24,0.04,25
